{
    "listItems": [
      {"name":"eCommerce Dashboard", "url":"dashboard-ecommerce","icon":"bx bx-desktop"},
      {"name":"Analytics Dashboard", "url":"dashboard-analytics","icon":"bx bx-desktop"},
      {"name":"Email", "url":"app-email","icon":"bx bx-envelope"},
      {"name":"Chat", "url":"app-chat","icon":"bx bx-chat"},
      {"name":"Todo", "url":"app-todo","icon":"bx bx-check-circle"},
      {"name":"Calendar", "url":"app-calendar","icon":"bx bx-calendar"},
      {"name":"Kanban", "url":"app-kanban","icon":"bx bx-grid-alt"},
      {"name":"Invoice List", "url":"app-invoice-list","icon":"bx bx-file"},
      {"name":"Invoice", "url":"app-invoice-view","icon":"bx bx-file"},
      {"name":"Invoice Edit", "url":"app-invoice-edit","icon":"bx bx-file"},
      {"name":"Invoice Add", "url":"app-invoice-add","icon":"bx bx-file"},
      {"name":"File Manager", "url":"app-file-manager","icon":"bx bx-save"},
  
      {"name":"Content - Grid", "url":"content-grid","icon":"bx bx-repeat"},
      {"name":"Content - Typography", "url":"content-typography","icon":"bx bx-edit-alt"},
      {"name":"Content - Text Utilities", "url":"content-text-utilities","icon":"bx bx-font-color"},
      {"name":"Content - Syntax Highlighter", "url":"content-syntax-highlighter","icon":"bx bx-highlight"},
      {"name":"Content - Helper Classes", "url":"content-helper-classes","icon":"bx bx-help-circle"},
  
      {"name":"Colors", "url":"colors","icon":"bx bx-droplet"},
      {"name":"LivIcons", "url":"icons-livicons","icon":"bx bx-map-pin"},
      {"name":"Boxicons", "url":"icons-boxicons","icon":"bx bx-user-pin"},
  
      {"name":"Card Basic", "url":"card-basic","icon":"bx bx-id-card"},
      {"name":"Card Actions", "url":"card-actions","icon":"bx bx-grid-alt"},
      {"name":"Widgets", "url":"widgets","icon":"bx bx-grid"},
  
      {"name":"Alerts Component", "url":"component-alerts","icon":"bx bx-error"},
      {"name":"Buttons Component", "url":"component-buttons-basic","icon":"bx bx-plus-circle"},
      {"name":"Breadcrumbs Component", "url":"component-breadcrumbs","icon":"bx bx-dots-horizontal-rounded"},
      {"name":"Carousel Component", "url":"component-carousel","icon":"bx bx-map-alt"},
      {"name":"Collapse Component", "url":"component-collapse","icon":"bx bx-exit-fullscreen"},
      {"name":"Dropdowns Component", "url":"component-dropdowns","icon":"bx bx-archive-in"},
      {"name":"List Group Component", "url":"component-list-group","icon":"bx bx-list-ol"},
      {"name":"Modals Component", "url":"component-modals","icon":"bx bx-layout"},
      {"name":"Pagination Component", "url":"component-pagination","icon":"bx bx-chevrons-right"},
      {"name":"Navbar Component", "url":"component-navbar","icon":"bx bx-dock-top"},
      {"name":"Tabs Component", "url":"component-tabs-component","icon":"bx bx-server"},
      {"name":"Pills Component", "url":"component-pills-component","icon":"bx bx-toggle-right"},
      {"name":"Tooltips Component", "url":"component-tooltips","icon":"bx bx-message-alt-dots"},
      {"name":"Popovers Component", "url":"component-popovers","icon":"bx bx-message-alt"},
      {"name":"Badges Component", "url":"component-badges","icon":"bx bx-square-rounded"},
      {"name":"Pill Badges Component", "url":"component-pill-badges","icon":"bx bx-check-circle"},
      {"name":"Progress Component", "url":"component-progress","icon":"bx bx-slider"},
      {"name":"Media Objects Component", "url":"component-media-objects","icon":"bx bx-image-alt"},
      {"name":"Spinner Component", "url":"component-spinner","icon":"bx bx-loader-circle"},
      {"name":"Toasts Component", "url":"component-bs-toast","icon":"bx bx-server"},
  
      {"name":"Avatar", "url":"ex-component-avatar","icon":"bx bx-user-circle"},
      {"name":"Chips", "url":"ex-component-chips","icon":"bx bx-x-circle"},
      {"name":"Divider", "url":"ex-component-divider","icon":"bx bx-space-bar"},
  
      {"name":"Input Form Element", "url":"form-inputs","icon":"bx bx-receipt"},
      {"name":"Input Groups Form Element", "url":"form-input-groups","icon":"bx bx-book-content"},
      {"name":"Number Input Form Element", "url":"form-number-input","icon":"bx bx-plus"},
      {"name":"Select Form Element", "url":"form-select","icon":"bx bx-select-multiple"},
      {"name":"Radio Form Element", "url":"form-radio","icon":"bx bx-radio-circle-marked"},
      {"name":"Checkbox Form Element", "url":"form-checkbox","icon":"bx bx-checkbox-square"},
      {"name":"Switch Form Element", "url":"form-switch","icon":"bx bx-toggle-left"},
      {"name":"Textarea Form Element", "url":"form-textarea","icon":"bx bx-font-family"},
      {"name":"Date & Time Picker Form Element", "url":"form-date-time-picker","icon":"bx bx-calendar"},
      {"name":"Quill Editor", "url":"form-quill-editor","icon":"bx bx-edit"},
      {"name":"File Uploader", "url":"form-file-uploader","icon":"bx bx-upload"},
  
      {"name":"Form Layout", "url":"form-layout","icon":"bx bx-layout"},
      {"name":"Form Wizard", "url":"form-wizard","icon":"bx bx-layer"},
      {"name":"Form Validation", "url":"form-validation","icon":"bx bx-check-square"},
      {"name":"Form Repeater", "url":"form-repeater","icon":"bx bx-copy-alt"},
      {"name":"Table", "url":"table","icon":"bx bx-table"},
      {"name":"Table extended", "url":"extended","icon":"bx bx-grid"},
      {"name":"Datatable", "url":"datatable","icon":"bx bx-grid-alt"},
  
      {"name":"Login Page", "url":"auth-login","icon":"bx bx-download"},
      {"name":"Register Page", "url":"auth-register","icon":"bx bx-user-plus"},
      {"name":"Forgot Password Page", "url":"auth-forgot-password","icon":"bx bx-map-pin"},
      {"name":"Reset Password Page", "url":"auth-reset-password","icon":"bx bx-repost"},
      {"name":"Lock Screen Page", "url":"auth-lock-screen","icon":"bx bx-lock-open"},
      {"name":"Coming Soon Page", "url":"page-coming-soon","icon":"bx bx-time"},
      {"name":"404 Page", "url":"error-404","icon":"bx bx-error"},
      {"name":"500 Page", "url":"error-500","icon":"bx bx-error"},
      {"name":"Not Authorized Page", "url":"page-not-authorized","icon":"bx bx-user-x"},
      {"name":"Maintenance Page", "url":"page-maintenance","icon":"bx bx-first-aid"},
  
  
      {"name":"User Profile", "url":"page-user-profile","icon":"bx bx-user"},
      {"name":"FAQ Page", "url":"page-faq","icon":"bx bx-help-circle"},
      {"name":"Knowledge Base", "url":"page-knowledge-base","icon":"bx bx-error-circle"},
      {"name":"Search", "url":"page-search","icon":"bx bx-search"},
      {"name":"Account Settings", "url":"page-account-settings","icon":"bx bx-wrench"},
      {"name":"Users List", "url":"page-users-list","icon":"bx bx-search"},
      {"name":"Users View", "url":"page-users-view","icon":"bx bx-search"},
      {"name":"Users Edit", "url":"page-users-edit","icon":"bx bx-search"},
  
      {"name":"Apex Chart", "url":"chart-apex","icon":"bx bx-bar-chart-alt"},
      {"name":"Chartjs Chart", "url":"chart-chartjs","icon":"bx bx-line-chart"},
      {"name":"Chartist", "url":"chart-chartist","icon":"bx bx-pie-chart-alt"},
      {"name":"Google Maps", "url":"maps-google","icon":"bx bx-map"},
  
      {"name":"Sweet Alert", "url":"ext-component-sweet-alerts","icon":"bx bx-error"},
      {"name":"Toastr", "url":"ext-component-toastr","icon":"bx bx-map-alt"},
      {"name":"NoUi Slider", "url":"ext-component-noui-slider","icon":"bx bx-slider-alt"},
      {"name":"Drag & Drop", "url":"ext-component-drag-drop","icon":"bx bx-copy-alt"},
      {"name":"Tour", "url":"ext-component-tour","icon":"bx bx-paper-plane"},
      {"name":"Swiper", "url":"ext-component-swiper","icon":"bx bx-tab"},
      {"name":"Treeview", "url":"ext-component-treeview","icon":"bx bx-menu-alt-left"},
      {"name":"Block-UI", "url":"ext-component-block-ui","icon":"bx bx-fullscreen"},
      {"name":"Media Player", "url":"ext-component-media-player","icon":"bx bx-music"},
      {"name":"Miscellaneous", "url":"ext-component-miscellaneous","icon":"bx bx-sitemap"},
      {"name":"l18n", "url":"ext-component-i18n","icon":"bx bx-globe"}
    ]
  }